청원제목,청원내용
KTX울산역 ***** 오피스텔 분양사기에 연루된 수백명의 피해자는 오늘도 두려움에 밤잠을 설칩니다,"사기분양으로 이루어진 계약은 계약자체가 무효이며 계약해지가 정당하다 봅니다

1 오피스텔 개요

 오피스텔 소재지  울산광역시 울주군 읍 리 
                      오피스텔700실
 분 양 대 행 사  서울시 동대문구 로 길 동
                    ㈜ 1호선 역 5번출구 앞
 시   공   사  ㈜건설대구소재
 시   행   사  ㈜ 주식회사
 위탁신탁사   ㈜신탁

 관련기사 링크
httpswwwwowtvcokrNewsCenterNewsReadarticleIdA201711020071resource

 경남 울산에서 2017년 11월부터 본 오피스텔을 분양했으나 미분양이 속출하자 분양대행사 의 모회장이 분양권을 인수받아 2020년 4월 10일 잔여 482개호실에 대해 1차분분양가 별지참조1 253실을 서울시 동대문구 청량리에서 분양시작
 분양시작 3개월뒤인 2020년 7월 1일부터는 990만원이 추가인상된 분양가로 나머지 229실에 대해 2차분양시작 2020년 12월 30일 완판

2 오피스텔 분양대행사 그룹의 행태

㉮ 허위 브리핑과 허위 구인광고를 통한 직원채용 직원계약 유도

분양대행사 그룹은 순수한 고객의 계약을 유치하기보다 직원채용으로 계약유도 즉 월 200만원의 급여를 준다며 알바천국 벼룩시장 등에 무차별광고를 게재해 광고를 보고 찾아온 사람들로부터 첫 일주일간의 무보수 수습기간을 정해 기간 내에 본인계약을 못하면 곧바로 강제 퇴사를 시켰으며 수습기간 내에 계약이 이루어지면 정식직원으로 채용하여 계약하는 수량만큼 일정금액을 수당으로 지급하였습니다

㉯ 임대보장 위탁관리회사의 기망

분양대행사 은 계약조건의 최우선으로 1년연장가능 위탁임대관리보장을 내새웠습니다
“공실이 발생하던 월세가 나가던 묻지도 따지지도 않고 매월말일기준 원룸 45만원 투룸 75만원을 통장으로 입금시켜준다 신탁사신탁에 임대료가 키핑되어있어 세입자가 임대료를 밀려도 안심이다 나중에 오피스텔을 매매할 때 임대료 입금된 통장만 보여주면 누구든지 사려고 환장하고 달려든다” 등의 달콤한 언변으로 계약자들을 현혹했지만 그모두 허위 위탁임대관리회사를 내세운 분양대행사의 사기행각중 하나였습니다
나중에 신탁사에 확인해본결과 신탁사에서는 전혀 “위탁임대관리에 관해 분양대행사와 계약사항이 아니며 분양대행사가 분양을 원활하게 하기위해 끼워넣은 일종의 패키지다” 라는 대답만 들을 수 있었습니다
애초부터 위탁임대관리는 모두다 사기로 고객을 속였다 볼 수 있는 대목입니다
분양대행사 은 오피스텔 분양당시 위탁임대관리 회사를 ㈜→주→주→주를 반복하여 옮겼으며 지난해 12월 30일 완판을 하자마자 돌변 결국 올해초 3월에 들어서는 일방적인 ㈜측과의 임대관리계약을 강제 파기하기에 이릅니다
그러면서 수분양자들에게 고지해야 할 임대관리계약 해지건은 묵시한채 “신탁사에 키핑된 금액중 4개월분 180만원만 일시불로 지급해드릴테니 울산 오피스텔 주위 부동산에 개별적으로 월세를 놓으시고 대신 위탁계약해지신청서에 인감날인을 해야만 일시불로 180만원을 지급하겠다” 라며 각각 가정으로 위탁계약 해지문서를 보내어 영문도 모르는 수분양자들로부터 인감한통과 인감날인받은 해지서를 분양대행사로 회송시키는 작업에만 몰두하고 있는 실정입니다
이런 행각은 분양대행사의 또다른 꼼수라는 사실입니다
분양대행사 은 혹시라도 임대보장을 강제 해지할 경우 수분양자들로부터 법적인 공격에 대비해 방어목적으로 “법적으로 이의제기를 하지않겠습니다”라는 문구가 들어간 해지신청서를 받는겁니다
이역시도 이미 계약해지된 위탁임대관리회사 ㈜측의 상호와 법인도장을 도용해 문서를 위조한 것으로 밝혀졌습니다
 오피스텔 700실 수분양자들은 급여 200만원을 받기위해 직원으로서 어쩔 수 없이 구입한 경우와 또는 노후대책의 수단으로 월세를 받아 생활에 보탬이 되기위해 울산이라는 멀고도 먼 타지에 오피스텔 투자를 결심하신분들이 많습니다
하지만 분양대행사 의 회장 모씨는 이러한 계약자들의 계약목적과는 별개로 임대보장을 해줄수 없고 수분양자가 알아서 하라는 식의 막무가내 주장을 펴기에 많은 수분양자들이 사기계약을 주장하며 계약해지를 주장하기에 이르렀습니다
현재 서울 청량리에서 분양받은 수분양자중 사기분양을 주장하는 미등기자 52명은 단체로 잔금대출을 거부하며 102실이 이미 시행사 신탁사 분양대행사를 상대로 민형사 소송을 진행중이고 210여실 등기완료자들 역시 추후 소송에 합류할것으로 예상이 됩니다
2017년말 시작된 공사와 분양을 시작한  오피스텔은 700실의 대규모 오피스텔이며 미등기 370여실에 등기완료 330여실입니다
결국 임대수익을 얻겠다고 분양받은 고객들의 장밋빛 환상은 처참하게 무너졌으며 항의하는 고객들에게는 “너네들이 알아서 하라”는 말만 되풀이하고 있는 실정으로 이런 사기행각이 서울한복판에서 이루어질 수 있다는 현실이 참으로 황당할 뿐입니다
참고로 위탁관리대행사인 ㈜측도 분양대행사측의 일방적 계약해지와 각종 사문서위조로 고객을 현혹하여 계약을 유도한바 시행사와 신탁사 그리고 분양대행사를 상대로 법무법인을 선임하여 민형사 고소를 진행하고 있습니다

㉰ 그룹은 회장과 대표 두사람만을 위한 직원들의 사금융화

모회장과 그의 동생 모대표는 신탁사로부터 받은 영업수수료를 탈세하기 위해 직원들의 계좌로 적게는 3000만원씩 입금시켜 모두 현금으로 찾아오게 하는등 탈세가 의심되는 행동도 서슴치않고 자행하였습니다
그로인해 어떤 직원들은 본의아니게 거액의 세금부담을 떠안어야 했으며 그로인한 피해는 현금으로 찾아다준 직원 본인들에게 고스란히 안겨졌습니다
또한 본처와 자식들이 있는 캐나다로 회사공금을 빼돌려 생활비로 보내주고 있다는 제보역시 다분합니다

㉱ 직원이 아닌 고객대상 재직증명서 남발과 허위소득을 통한 중도금  잔금대출 알선

 오피스텔의 구입절차는 10의 계약금과 60의 중도금대출 그리고 나머지 30의 잔금으로 구매절차가 진행됩니다
중도금대출은 신용대출로서 높은 신용과 어느정도의 소득이 뒷받침되어야 합니다
초기 10의 계약금은 걸었으나 중도금대출시 신용과 소득의 문턱에서 탈락한 외부 고객들에게 분양대행사는 분양대행사 의 재직증명서를 가짜로 발행하고 역시 가짜 소득을 얹어주어 대출을 통과받게 하였으며 이는 직원이 아닌 외부 순수고객들에게 분양대행사의 재직증명서를 남발하여 대출은행을 속이고 기망하여 대출을 성사시켰다면 이역시 크나큰 범죄가 된다고 봅니다

㉲ 고객들의 개인정보 무단 사용과 그로인한 신용저하 방관

잔금대출은행을 알선할 때 고객들의 사전동의없이 신용정보를 은행에 제공하여 누적된 조회수로 오히려 신용등급이 급 하락하는 사태가 발생했으며
이는 고객들의 신용저하로 이어져 잔금대출의 문턱을 더욱더 높게 만들었고다수가 잔금대출의 문턱을 넘지못하고 살인적 중도금 이자와 등기를 처리못해 발생되는 금전적 정신적 많은 피해가 속출하고 있는 실정입니다

㉳ 감염병의 예방 및 관리에 관한 법률 역행

분양대행사 그룹의 모회장은 극심한 코로나 정국속에서도 좁은 사무실에 100여명이 넘는 직원을 앉혀놓고 매일 10시 회장님조회를 빙자해 계약을 유도하고 실적이 좋지않은 직원은 많은 직원들 앞에서 면박을 주는식으로 계약을 강요했으며 분양대행사를 그만둔 직원들이 이러한 행태를 관할 보건소동대문 보건소에 수차례 신고하였으나 관할 보건소역시 형식적인 방문점검만 했을뿐 그어떤 조치도 취하지 않았습니다

㉴ 시행사의 분양대행사 관리감독 소홀

시행사인 주은 분양대행사인 주을 관리감독해야 할의무가 있으나 단한번도 시행사의 관리감독을 받아본적도 없으며 시행사의 직원역시 은행 대출건이 있을경우만 파견되었을뿐 평상시엔 전혀 파견된바 없습니다
분양대행사에서 계약사고가 발생되면 시행사 뿐만 아니라 신탁사도 연대책임을 져야한다는 것입니다

㉵ 탈세목적 법인  쪼개기

그룹 모회장은 2020년 11월 27일 탈세가 목적인듯한 또하나의 법인인 ㈜를 만들어 운영중이며 은 모회장의 두 번째 부인의 이름으로 두번째 법인인 의 법인대표는 분양대행사에서 온갖 허드렛일을 도맏아하는 직원 씨로 이분역시 본명인 모씨가 대표자로 올라있습니다

㉶ 계약 실적을 위한 고압적 목표제시

분양대행사 그룹 모회장은 매월초 직원들을 모아놓고 개개인에게 월 목표라는걸 정하게하여 만약 설정한 목표를 못채우면 남녀직원을 불문하고 인간이하의 면박과 갖은 욕설을 하여 모욕감을 극대화 하였습니다
이는 곧 허위계약과 부실계약의 시발점이 되었으며 다수의 계약자들이 잘못된 계약으로 인한 심각한 어려움에 처해있는 실정입니다
가령 직원본인계약일 경우 1인당 4개호실 까지밖에 계약이 되지않기에 온 가족들을 내세워 많게는 11개호실까지 계약한 직원도 있으며 이는 매월 납입해야 할 중도금 이자를 감당하지 못해 가정파탄에 자살시도까지 감행하는 등의 계약자가 속출하고 있습니다

㉷ 모회장과 동생 모대표는 가명을 사용하는자

분양대행사 의 회장 모회장은 본명이 65으로 과거 잘못된 행동으로 인해 평소 가명으로 살아간다 들었습니다
친동생인 의 형식상 대표역시 이 본명이며 모61대표라는 가명으로 살아가고 있습니다
하지만 진짜  법인대표인 모29씨는 모회장의 두 번째 부인으로 본처와 자식은 캐나다에서 호화로운 삶을 살아가고 모회장은 회사공금으로 가족들의 생활비를 캐나다로 보내주는 상황입니다
또한 법인주소역시 강남의 어느 사무실로 되어있으나 그 주소역시 가짜에 의 본거지는 청량리 오피스텔 홍보관 2층에 위치하고 있습니다

3 결 론

현재 저희 오피스텔 사기분양 피해자모임은 가칭 소송추진위원회소추위를 구성하여 참여인원 52명에 102실의 인원으로 ‘사기로 체결된 계약이기에 계약무효를 주장하며 계약을 해지 해줄것을 강력히 주장’하며 시행사와 신탁사 분양대행사를 상대로 민형사 소송을 진행중입니다
지난해말 완판을 하였던 총 700실에서  분양분 482실중 270여실이 미등기 210여실이 등기완료된 상태고 계약원인 비중이 가장큰 위탁임대보장이 되지않고 잔금치를 여력이 되지않기에 미등기자 270여실의 계약자들이 계약해지를 강력하게 요구하는것 입니다
또한 잔금을 마무리하지못해 중도금 대출은행으로부터 연 8라는 살인적인 이자와 중도금대출 만기상환 도래로 하루수차례씩 전화와 문자로 신용카드의 정지 신용하락 연체정보공유 재산압류를 하겠다는 협박성 통보를 받음으로서 정상생활이 어렵고 우울증환자가 속출하는 등 당사자뿐만 아니라 그들의 가족들 역시 심각한 이중 삼중고를 겪고 있는 실정입니다
수백명의 고객들이 이러한 상황임에도 분양대행사 은 울산오피스텔 업무를 종료하고 지난달 5월 24일 부터는 강화도 납골당 분양을 시작했으며 이역시 또다른 사기가 의심되는 분양을 하고 있음이 한없이 씁쓸합니다
KTX울산역  오피스텔의 사기분양 피해자일동은 정상적인 삶을 영위할 수 있도록 시행사  신탁사 신탁 분양대행사 은 오피스텔 계약을 해지해줄 것을 강력히 요청합니다




2021 년 6 월 21 일

오피스텔 사기분양 피해자모임 부회장    외 51명102개호실

 본 게시물의 일부 내용이 국민 청원 요건에 위배되어 관리자에 의해 수정되었습니다"
전국적으로 안아무인격인 비리행위 및 불법행위 일삼는 “**종합건설(주)”을 처벌해 주십시오,"전국적으로 비리행위 및 불법행위를 일삼는 종합건설주  회장 및  국회의원전국민의당 탈당 현무소속  첫째아들   주식회사 대표이사셋째아들 일가의 전국에 걸친 비리 행위 및 불법행위를 조사하여 엄벌에 처해주십시오

울산광역시 울주군 읍 리 번지 일원에 시행중인 지구 도시개발사업조합에 2021년 5월 6일 지구 도시개발사업조합 이사회에서 시행대행사 및 시공사 선정 의결에 필요한 서류를 2021년 5월 4일 업체선정 적격심사시 종합건설주  회장 및 관계사인  주식회사  대표이사셋째아들가 조합에 와서 직접 제출 설명하였으며 업체선정 적격심사를 위해 제출한 시행대행 참여의향서는 비리와 불법으로 조합 정관 내부절차를 지키지 않는 등 특히 시행대행사 선정 특혜 의혹으로 
종합건설주는 재무상태 3년 연속 불량근거자료K리포트 기업신용분석보고서
  2018년 43억 적자  2019년 33억 적자  2020년 38억 적자
  현금흐름등급 CR5 현금흐름 창출능력이 낮거나 현금 흐름 창출액이 적어 현금지급능력이 보통 이하임조합적격심사 서류 미제출1군시공사 시공의향서 없음
조합제출 자금입증 서류 결격하자부산   현장 수분양 구좌통장의 불법 자금유용
조합계약조건 불이행3일이내 계약 5일이내 150억원 입금조건 불이행
갑질 행위 요구도시개발법 위반인 공동명의 자금관리 제안
공정거래법위반 행위관계 계열사 및 관계사인 주에 재하도급하는  일감몰아 주기 일감떼어주기를 일삼는 등 수도없이 비리와 불법을 일삼는 부도덕한 기업입니다
더욱이 울산지역 건설이 당초 시행대행사로서 시행대행사 지위소송 법적 분쟁중인 지구 도시개발사업에 
기업 상도덕을 어기며 참여하였으며 또한 조합 내분조장 및 조합장 이사등 일부 임원에 이권등 유혹하여 조합의 
정상적인 운영을 마비시켰습니다

또한 종합건설은 2020년 12월경 이 사업에 컨소시엄을 구성하여 참여를 협의 제안한 울산의 건설2020년 12월 23일 시행대행사로 조합이사회 및 대의원회 의결된 업체로부터 지구 도시개발사업 조합의 모든 정보 및 사업계획서 문서 자료 도면 수지분석 분양마케팅 보고서 등 일체의 지적재산권을 제공받아 도용하였으며 2021년 4월경 5개월 가량 지난뒤에 건설을 완전히 배제하고 단독으로 사업하겠다고 조합에 제의 하는 등 시행대행 사업권을 강탈한 불법 행위를 하였습니다

종합건설은 부산에서 인허가 특혜의혹 제2의 엘시티사건 부산지역의 대표적인 적폐사례 감사원 감사청구2020년 10월 국감에서 민주당 장경태의원 등 2021년 5월 13일 부산지방경찰청 반부패경제 범죄수사대는 종합건설주 및 관련회사 4곳을 압수수색2021년 5월 18일 조선일보 보도 당한 회사로서 울산의 견실한 지역 향토기업인 건설이 무려 약 73억원대여49억원공탁 24억원을 투자하여 실시계획인가까지 마쳐 놓은 지구 도시개발 사업의 시행대행 사업권을 강탈하기 위하여 비리 조합장 및 일부 임원들을 이용하여 조합 내부를 분열이사회 의결 33 가부동수 시키고 이로 인해 조합의 모든 인허가 업무가 마비되는 등 부도덕한 기업으로서 비리와 불법 행위를 하였습니다
종합건설과 비리조합장 및 일부조합집행부는 건실한 지역 건설업체를 배제하고 타지역에 있는 분양사업 비리로 부산지방경찰청으로부터 압수수색을 받아 언제 사업이 중단될지도 모를 부도덕한 비리업체를 시행대행사로 특혜선정하여 17년간 오랜기간 동안 진행하여 온 400여명 조합원들의 피를 말리며 심적물적 고통을 주고 있는 등 숙원사업을 망쳐버리는 파행운영을 계속하고 있습니다
현재 종합건설의 회장 및  국회의원 일가는 파렴치한 불법행위를 부산외 울산등 전국에 걸쳐 계속하고 있으며 빠른시일내 종합건설 일가와 비리조합장 일부 임원에 대한 수사가 필요하고 전 시행대행사 건설과 조합 비상대책위원회에서 울산지검에 고소고발 및 울주군에 진정한 사건의 신속하고 엄중한 수사가 필요할 것으로 보입니다

이에 부산경찰청의 압수수색등 조사를 받는 와중에도 전국적으로 안아무인격인 비리행위 및 불법행위를 일삼는 종합건설주  회장 및  국회의원전국민의당 탈당 현무소속  첫째아들 주  대표이사셋째아들 일가의 전국에 걸친 비리 행위 및 불법 행위를 조사하여 엄벌에 처해주십시오

ㅡ지구 도시개발사업 비상대책위원회 위원장 외 조합원 일동ㅡ

시행대행 참여 의향서
2021년 5월 4일 제출내용

 주식회사이하 ‘’이라 함는 아래의 조건으로 지구 도시개발사업의 시행대행사로 참여하고자 합니다

1  법인 및 관계 계열사인 종합건설 의 대주주가 출자하여 설립하는 SPC법인을 통해 지구 도시개발사업 시행대행에 참여하겠습니다
2 은 조합 대의원회에서 시행대행사로 선정되면 그로부터 3일 이내에 조합과 시행대행계약을      체결하겠습니다
3 은 금융기관 차입 없이  및 관계 계열사의 잔고 유동자산현금으로 조합 총사업비를     대여하겠습니다
4 은 시행대행계약 체결일로부터 5일 이내에 초기 사업비 150억원을 조합에 대여하겠습니다
5 은 주택건설사업계획 승인 후 10일 이내에 사업비 대여 잔금 529억원을 조합에 대여다만 계좌 공동관리 내지 자산관리신탁 조건으로 대여할 예정임하겠습니다
6 은 건설과의 민형사 쟁송의 법률비용 및 건설에 대한 손해배상액을 모두 부담하겠습니다
7 은 시행대행계약체결과 동시에 을 당사자로 하여 조합과 민간표준도급계약에 따른      도급계약을 체결하고 그 즉시 토목공사 착공을 준비하며 착공계가 나오는 즉시 토목공사를 시작하겠습니다
8 은 체비지 중 공동주택용지에 신축될 공동주택 공사와 관련하여 건설 건설 건설 중 한 업체를 시공사로 선정하겠습니다
9 은 2021년도 상반기 내에 주택건설사업계획심의를 신청하겠습니다

 주식회사
대표이사   

 본 게시물의 일부 내용이 국민 청원 요건에 위배되어 관리자에 의해 수정되었습니다"
**** 자가 매립시설설치를위한 울산시의 개발계획변경승인 철회를청원합니다,"울산 초   간절곶어귀  충효단 집성촌을 구해주십시요 소몇마리를 키우려해도 직선거리 700m내에 주민 동의를 통해 시설을   허가승인되는것이 대한민국 입니다    국가의 관리 감시의 책무가 있을만큼 환경이나 인체에 대한심각한유해성분을 지니고있는 지정폐기물을 매립하는데 거리 500m 이내에 거주하고있는 주민의 동의는커녕 사업이 진행되는거 조차 거주민이 모른다면 이게  올바른 나라 입니까국가경제개발명목으로  40년간 공해를 뿜는것도모자라 보금자리 옆에지정폐기물을 매립하겠다니 우리 은 소보다 못하단말입니까지난 4월23일  주폐기물  처리시설  설치사업   환경영향평가   초안  주민설명회 를  통해    법적  행정적  사회적절차들이 무소불위의 권력앞에 무용지물이된사실과 우리이처한 현실을 널리알려 국민여러분 의 이해와 동참을 구하고자합니다   은 국가산업 단지내 읍 번지 일원에합법적사업이반려된 부지에 자가매립시설설치사업 이라는 명분으로 국토부에사업계획을 제출하여 사업부지 3분의1만 신청하라는 지침을받았고 주민설명회 질의답변  울주군자원순환과는 특혜소지와 자가매립장난립은 환경을 해칠수있다는견해로 반대를 고수해왔지만 울산시 개발과는 과 협의 20년3월17일 환경관리팀장 4월8일 제련소장하고 신청서류 접수되기전인 4월17일 지역개발과장이 시장에게보고 7월30일  이 개발계획 변경신청 지역개발 과는 편법까지 동원해사업승인을 강행해 시사저널 신청3개월뒤 울산시로부터 개발계획 변경신청 울고제2020 271호   20년10월8일승인을받았습니다   올해  은 형식적  행정절차를위해  지역마다 있는   발전협의회   이장단 협의회   주민자치위원회   에 법적인 하자가 없다는 점을 알려   청년일자리창출   공익목적 출연금 등을 협의하여 주민설명회   이전에   연명의 합의서 4월 15일받고  주민 대다수와 매립지주변 주민들은  폐기물처리시설 사업   시행 을   모르게 
  요식적인   주민설명회 4월23를 진행하였습니다   4월30일공익목적출연금을출연하면서  착공전에는  사용하지 못한다는  조건을 
 붙여으며  5월10일 매립지 인정 사업장   공청회 에서는  11월 
 착공을 언급하였습니다  남이 하지못하는  폐기물처리사업을  자가매립시설산업집적 활성화 및  공장설립에  관한법률11조  공장설비를 갖추고 운영중인  공장부지에  부대시설로  자가매립장을  설치할수있다이라는 명목으로   지정폐기물을   공장부지에서2km떨어진  돈주고   산  부지에   매립하려고 합니다    과연개발계획 변경신청을승인한  울산시 의   행정이  적법합니까    현국무총리   사돈기업 제조명   공무원  매수     폐수조작   산재사망  그럼에도   정치인  관로  지역토착세력과  유착하여  무소불위의 의  권력으로   사회적절차를  묵살하는   으로인해  지역사회는  분열되고   저희 마을은     리   리    리    일원에  산업폐기물관 련  사업신청이되어있어   생존권의   위협을 받고있습니다     1945년  개교하여  제72회  졸업 생을 배출한  초 등학교   간절곶어귀   회야강을따라  형성된       임진왜란 때   부자가  목숨을받친  충효단    목사공  후손   집성촌은  곧 사라질것입니다   국민여러분  무소불위의  권력으로부터 억압 받으며  소외뎌고 힘없는   조그만한   시골  마을의 저희를 구원해 주십시요  소리높여외칩니다   주   폐기물처리시설  설치사업      승인  취소    청원운동에   적극 동참하여  주십시요

 본 게시물의 일부 내용이 국민 청원 요건에 위배되어 관리자에 의해 수정되었습니다"
건설현장 임직원들의 비리에 대한 탄원서,"호 소 문 안녕하십니까코비드19로 인한 전염병으로 세계인 모두가 감염과 그 피해를 줄이기 위하여 주의를 기울이며 긴장을 늦추지 않을 때 때맞춰 경기 침체로 모든 국민들이 상당한 곤욕을 치루고 있는 즈음에 이렇게 억을함을 호소키 위하여 호소문을 올리게 되었습니다아무튼 바쁜 일정과 격무에 시달림을 잘 알고 있지만 억울한 소시민의 사정을 간곡한 심정으로 호소하오니 이에 마음을 헤아려 주시고 중재를 하여 주시길 바라며 앞으로 일어나지 않아야 할 갑질의 대기업들의 횡포를 신고드리는 바입니다먼저 저는 경남지역 울산에서 전국의 각 건설현장마다 장비대여 및 골재 유류공급등으로 가족과 같은 임직원 현장인부 등과 함께 ㈜이라는 상호로 작은 규모의 지역 중소건설업체를 운영하는 이라고 하는 소시민임을 밝힙니다

● 호 소 문 경 위  2017년 11월 중순경 건설 장비대여 및 현장골재 유류공급을 목적으로 하는 “주 대표자”는 평소에 동종 업종의 거래관계와 지인으로 알고 지내던 지인으로부터 모 지역에서 나름 힘꽤나 쓰며 잘나간다는 “K‘씨를 소개 받게 되었습니다  그로부터 며칠후 ”K“에게서 연락이 와 만나게 되면서 창원 부지의  아파트 시공업체인 ㈜○○건설의 관리부장 ”L“씨〔주○○건설 영남본부장으로 속임〕를 소개 받게 되었습니다  이후 같은 시기에 같은 회사 동료인 ㈜○○건설의 경주  관광단지내 및 골프장 건설현장 관리팀장 ”J“과 역사 주변 역세권 부지조성사업 현장의 ”G“과 대구 현장의 공무팀장 양산현장의 담당관계자 등 여러명을 소개 받게 되었습니다 여러 가지 요인이 있었으나 현장의 일거리 부족으로 경영난에 힘들어 하는 찰나 뜻하지 않은 여러 현장의 담당 관계자를 소개받으면서 단비같은 희망을 갖고 몇 번의 만남이 조성되었고 그 과정에서 각각의 현장에 건설장비 및 마사토 골재의 투입과 유류 등의 공급 명분으로 여러차례 만남을 거듭하게 되면서 1억원의 금전을 요구 하였습니다  때를 같이하여 ”K“과 ”J“ 등은 역사 현장과 대구 현장 경주  관광단지내 골프장 등 3개의 현장 함바식당 운영을 조건으로 1억 3천만원 정도의 선금을 지불할 사업자를 소개 시켜줄 것을 부탁을 하였습니다 마침 현장의 함바를 하고 싶어하는 분을 지인으로부터 소개받아 그에게서 1억3천만원의 차용증연대보증인은 ”K“을 쓰고 1억원을 경주의 ”C“씨에게 전달 하였으며 그 1억원은 이미 ”K“을 비롯하여 ”J“  관광단지내 및 골프장 현장소장인 “B” 마을 운영위원장인 “D” 등이 골고루 나누어 가진 부분의 대체가 된 것임을 알게 되었습니다 그러나 처음 약속한 부분과 달리 약속지연으로 차일피일 미루는 상황이 계속되자 경주의 ○○씨가 일을 포기할테니 가져갔던 1억원을 수차례에 걸쳐 경주  관광단지내 및 골프장 조성사업 시공사인 ㈜○○건설 관리팀장“J”과 ㈜○○건설 현장 경영팀의 하수인“K”에게 환불요청하고 독촉함으로써 돌려 받게 되었습니다 이러한 조건의 사실들은 대구에 거주하는 K모씨도 같은 조건의 일로 인하여 ㈜○○건설관계자와 “K”에게 향응 및 골프접대비로 수천만원이 건내준 걸로 알고 있으며 포항의 ○○아스콘업체에는 승용차량 2대 렌트 및 수천만원의 금품과 경주의 ○○씨도 이러한 비슷한 조건의 이유로 수천만원이 건너감으로써 피해 입은 것을 수사과정에서 밝혀진 내용입니다  또한 현장 ”B“소장과 울산지역의 ○○신문사 대표와 함께 경주의 ○○주유소에 관광단지 현장의 정기적인 유류공급조건으로 현금 수천만원의 금전을 요구한 사실도 있습니다미수사건이러한 사실들을 허위라고 주장을 하며 ”B“의 사주를 받은 ○○신문사 대표는 ”주“의 대표자인 저에게 수많은 공갈과 협박을 일삼았습니다 ”B“ 소장은 현장에 사용되는 골재 마사토를 직접 공급 발주할 수 있는 권한이 없슴에도 불구하고 자신이 자재를 납품 받아줄 것처럼 약속 하는 바람에 경주 마을 운영위원장인 ”D“와 ”주“은 마사산 구입과 상급 품질의 마사토를 찾으며 허가부처인 산림과와 ○○설계사무소 등 여러방면으로 인허가 처리문제로 약 78개월간의 시간을 허비하던 중에 또다른 3개의 업체가 같은 조건과 방법으로 ㈜○○건설 현장관계자에게 속임을 당한 것을 ○○현장 마사산에서 목격한 사실도 있습니다 창원  현장의 조경단장은 ”K“에게 수차례의 향응과 접대를 받고 조경식재 수백그루를 허위 발주한 사실도 있습니다
 마을 운영위원장”D“를 앞세워서 ”주“을 속여 왔으며 이일로 인하여 ㈜은 엄청난 경비와 접대로 헛된 시간을 낭비함과 동시에 경영악화로 회사 폐업을 하게 되었으며 이일이 사건화 되어 대표자는 징역8월과 집행유예 2년까지 억울한 선고를 받게 되었으며 업친데 덮친 격으로 심신장애와 정신적 고통으로 나날을 보내고 있는 상태에 이르러서 도저히 묵과할 수 없는 억울한 심정으로 재판결과에 불복하여 항소를 하게 되었으며 ㈜○○건설 본사 경영 임직원분에게 보내는 탄원서까지 보내었으나 아직까지 자체 조사만으로 해결을 하고 지역 기업들을 외면하는 사태에 이르게 되었습니다※주○○건설의 방만한 경영으로 산하 담당직원들이 중견회사의 입지를 내세워 열악한 경제로 심한 경영난에 허덕이는 지역사회의 선량한 자영업자와 영세사업자 중소기업체들을 상대로 알게 모르게 갑질과 더불어 엄청난 문란을 일으켜 금품은 물론이고 각종 향응 제공을 요구함으로써 지역의 경제에 보이지 않는 막대한 피해를 입히고 있음을 알리는 바이며 ㈜○○건설은 담당관련 직원들의 엄정한 처벌과 이일로 피해를 입은 업체와 당사자들을 상대로 개별적인 사과와 함께 정신적인 피해를 보상해야 마땅 할 것입니다이에 주○○건설의 본사 경영 임직원 일동은 자체 감사를 비롯하여 현장직원들의 관리감독과 비리를 색출하여 더 이상의 피해를 막음과 동시에 기업의 이미지 실추에 각별히 힘써야 할 것으로 사료되며 또한 그로인한 피해를 입은 당사자들이나 지역의 소규모 하도업체들을 잘 관리할 수 있도록 조사를 실시하여 피해를 입은데 대한 사과와 정신적 물질적 피해의 보상을 하는 것이 마땅하다고 생각합니다 
● 호소문의 결론과 빠른 시정 중재 요망 이렇듯 대기업 ㈜○○건설 본사에 직접 탄원서를 올리는 사태까지 발생 하였으나 아직도 자체 조사만으로 해결하고 지역기업들은 나몰라라 외면하는 행태는 빠른 시일내 근절 되어야 하지 않을까 하는 심정에 호소문을 작성 하게 되었으며 현재 지역 주민들뿐만 아니라 국가 경제발전에 큰 걸림돌로 이어질 수 밖에 없는 대기업의 갑질 횡포는 아마도 이뿐만이 아닐거라고 생각 되어집니다 친애하는 청와대 관계자님
저를 비롯하여 수많은 행태의 건설비리는 오래전부터 이어져온 관습과도 같은 것으로서 원천적인 뿌리는 근절할 수 없더라도 그 피해는 사전에 기업들의 경영관리에서 막을 수 있으리라 생각되어지며 이를 이행치 못하고 말뿐인 대기업과 협력업체간의 경영 실태에 환멸을 느낄 정도이며 더 이상 저와 같은 피해자가 없었으면 하는 바램이오니 부디 투명하고 명확한 포청천의 판결처럼 억울함을 중재해 주시길 간곡히 호소 드립니다두서없는 장문의 글을 올리게 된 민초의 심정을 넓은 마음으로 헤아려 주실 것을 바라며 항상 건강하시고 행운 가득한 날 되시길 바랍니다
감사합니다From  울산광역시 울주군 읍 로 
전 주 대표이사  배상
Tel  010


2021년 03월 30일

 본 게시물의 일부 내용이 국민 청원 요건에 위배되어 관리자에 의해 수정되었습니다"
"""폭우 때 치킨시켜서 배달원 괴롭히자""고 막말한 국민의힘 울주군의원 예비후보 같은 사람 자동으로 공천 배제하는 법안 만들어주세요!","최근 국민의힘 소속 울주군의회 재보궐선거 국민의힘 청년 예비후보 박모씨의 과거 발언이 큰 비판을 받고 있습니다 

울주군 나 선거구 군의원 보궐선거에 국민의힘 소속으로 예비후보 등록을 마친 청년 후보 박씨가 과거 자신의 SNS 계정에 폭우때 치킨 시켜서 배달원 괴롭혀야지 라는 내용의 게시글을 올렸다는 사실이 밝혀졌습니다 

그러나 해당 당일은 울산에 실제로 많은 비가 내렸던 날이었습니다
해당일에 위와 같은 내용의 게시글을 작성한 것은 단순한 농담을 심각하게 벗어난 혐오 표현이자 비인간적 언행입니다 

실제 현장의 배달라이더들은 기상이 좋지 않은 날마다 생명의 위협을 받으며 노동력을 제공합니다
특히 폭우가 내리는 날은 가시거리가 좁아져 매우 위험한 상황에도 시민들의 다리가 되어줍니다
생명을 걸고 제시간에 맞추어 상품을 배달하는 그들의 노고 덕에 우리는 폭우가 쏟아지는 날에도 안전하게 서비스를 제공받을 수 있습니다 

이것은 어느 누가 쉽게 조롱하거나 혐오해서는 안되는 것입니다
생명과 천부인권의 준엄한 가치는 공직 후보자라면 누구나 기본적으로 가지고 있어야 하는 소양이자 가치관입니다
또한 공직 후보자 이전에 인간으로서의 기본적인 소양이기도 합니다 

소속 정당 국민의힘은 즉각 자당 소속의 예비후보자의 발언에 대해 SNS에 책임을 지지 않는 사과만 하고 있습니다
자신이 이런 혐오 발언을 하였기에 더욱 울주군에서 봉사해야 한다며 정치의 뜻을 밝히는 사과문만 내놓았습니다
이런 발상을 가진 사람을 확실히 자당에서 징계하여 다시는 공직후보자로 나서지 못하도록 막말 논란이 있는 후보는 자동으로 공천 배제하는 법안을 만들어주세요"
펜션에서난 사고로 영구장해를 입은 저희 아버님이 보험사 때문에 펜션으로부터 소송을 당했습니다.,"2018년 7월 30일 저희 가족은 울산 울주군 에 위치해있는 기업형 펜션에 숙박을하게 되었고 
객실 내 화장실의 문턱 타일 경사도 등의 구조문제로 인해 저희 아버님은 화장실에서 
발이 미끄러져 오른쪽 무릎의 십자인대파열 내측 측부인대 파열 반달연골의 찢김 등으로 
부상을 당하고 꾸준한 치료를 하였습니다만 아직까지 완쾌가 되지 않아 얼마전 영구적 후유장해 29의 진단을
받게 되었습니다

펜션 측에서는 사고 당시 이런 사고를 대비하여 가입되어 있는 
보험사의 시설물 배상 책임 특약으로 처리를 해주겠다 약속했고 해당 사고 건을 보험사에 접수하였으며 얼마 후
해당 사고의 보험사 보상 담당자가 배정되어 연락을 받게 되었습니다

저희는 보험사와의 영구후유장해에 대한 보상진행에 대해 이야기 하다
보험사 담당자는 보험사의 의료자문을 추가로 더 받아야 보상처리가 가능하고 추가 의료자문을 거부할시
보상이 전혀 될 수 없다는 통보를 저희에게 해왔습니다
이에 저희는 불합리한 보험사 의료자문을 거부한다고 밝혔습니다

그러자 보험사 담당자는 펜션주에게  피해자가 보험사 의료자문을 무조건 거부한다는 오해의 소지가 다분한 이야기를 펜션주에게  전하고 소송이라는 절차를 안내하였습니다

사실 펜션주는 보험에 시설물 배상책임 특약이 가입되어있어  해당 보험특약으로 사건을 처리하면
일부약 20만원 이하의 자기부담을을 제외하고 아무런 손해가 없습니다 
보험료의 할증이나 보상액 일부의 거액 자기부담금이 없는 상황에서 
소송을 진행하게된 사유는 보험사 담당자로부터 발생된 고의적 소송안내 절차 때문이라는 
합리적 의심을 갖게하는 부분입니다


대한민국 국민의 대다수는 태어나기도 전부터 보험을 가입하고태아보험  살면서 수없이 많이 보험을 추가로 가입하는 만큼 대다수가 보험과 연관되어 있습니다 
그리고 보험을 가입한 계약자는 비싼 보험료를 내면서도  혹시모를 갑작스런 사고나  질병으로부터
보험사의 도움을 받고자 보험을 가입하게  됩니다 

그런데 믿었던 보험사로부터  가장 도움이 필요한 큰 사고 큰 질병의 진단을 받게되면 
보험가입자는 매번 거쳐야 하는 절차가 있습니다 

바로 보험사의 의료자문  

사고일로부터 영구장해를 판단하기 전까지 주치의는 환자를 최선을 다해  치료했을 것이고 장애가 남지않도록
환자와 주치의는 할수있는 모든 방법들을 동원해 완치를 하고자 노력했을 것입니다 
그럼에도 불구하고 결국 영구적인 장해가 남게 되었다면 
보험사는 영구장해를 같게된 환자에게 그에 합당한 보상액을 이유불문 지급해야 하는것이고 그리 보상 받고자 
많은 보험가입자는 보험이라는 상품을 가입하고 있습니다

그런데 우리나라 보험사는 왜 추가로 진행하는 보험사 의료자문이라는 절차를 필수로 여기게 된 것일까요 
응당 보험사에서 지급되는 보험금을 삭감하기 위한 절차라고 생각 할 수 밖에 없습니다 

오랜기간동안 환자를 치료해왔고 그 치료과정을 알고 환자의 고통을 직접 접해왔던
주치의가 환자의 장해를 인정하고 장해진단서를 발급하는 것은 어쩌면 주치의로서  마주하고 싶지 않은
상황일 것입니다 

그렇게 많은 어려운 과정을 거쳐 발급된 주치의의 장해진단서를 왜 보험사는 100 인정하거나 신뢰하지 않고
환자의 그간의 치료와 고통 등의 상황을 자세히  알지 못하는 또다른 의사에게 의료자문을 해야하는 절차를 
마치 응당 해야 하는 절차처럼 만들어 보험금을 삭감하는데 이용하고 있습니까

환자가 주치의에게 장해진단서를 받지 않고 일부 손해사정인을 끼고  비양심적인 의사에게 로비를 해서 받아낸
장해진단서가 아닙니다
보험사기가 의심이 되거나  주치의의 로비가 의심이 되면 경찰에 사고를 접수하여 조사하게끔 하면 됩니다 

왜 그런데 심적인 고통을 더해 피해자를 압박하여 보험금을 삭감하는 절차를 당연한듯 해오는 겁니까

보험사의 이런 만행이 없어지지 않는한 
훗날 보험을 가입한 내가족이 또 내 지인이 암진단을 받게되면 또 사고로 장애를 얻게되면
우리는 또 이런 불합리한 보험사의 관행에 따라 정당히 보상받아야 하는 보험금을 삭감하여 받게 될 것입니다 

아픔을 충분히 치료해야 하는 상황에서  거대 보험사와의 싸움은 환자를 더욱더 고통스럽게 합니다 

보험사의  보험금 삭감을 위한 고의적 추가 의료자문 법으로 개정하여 국민을 지켜주셔야 합니다

저의 이 작은 국민청원을 바탕으로 많은 국민이 보험사로부터 불합리하고 고통스러운 사건으로 마주하지 않길 간절히  바랍니다"
학대피해아동 쉼터 확충 및 전문심리치료사를 상주시켜 주세요.,"아이들이 지낼 곳도 없는데 법만 만들면 뭐하나요
지금 이 상태로는 시설 부족이 불 보듯 뻔한 상황입니다

그런데 턱없이 부족한 쉼터 문제는 오래전부터 있어 온 문제입니다
2016년 공분을 일으켰던 평택아동학대원영이 사건에서도 쉼터가 부족하다는 뉴스가 연일 나왔습니다
‘즉각 분리’ 법을 만드시고도 여전히 쉼터가 부족하다는 것이 말이 되나요

상황이 이러한데도 2021년도 아동학대방지 추가요청예산 212억 원이 전액 삭감되었다고 합니다
학대피해아동 쉼터 설치 운영 33억 원 아동학대피해자 보호지원 34억 원 등
아동학대 예방은 상시적 보호 체계가 가동되어야 하는 시스템이어야 합니다
그런데 복권기금 등 기금에 의존하고 있어 제대로 된 인프라를 구축할 수 없는 상황입니다

또한 쉼터에서 지내는 아이들은 심리치료가 반드시 필요합니다
아이들은 부모로부터의 학대로 받은 상처뿐 아니라 분리하는 과정에서도 깊은 상처를 받는다고 합니다 
현재 예산이 부족해서 전문심리치료사들이 주 13회 쉼터를 방문해서 아이들을 치료하고 있다고 합니다 전문심리치료사가 쉼터에 상주하면서 아이들을 치료할 수 있어야 합니다

제2의 서현이를 막겠다
제2의 원영이를 막겠다
그리고 지금
제2의 정인이를 막겠다고 하고 있습니다

정인이는 2014년 서현이 사건과 판박이사건입니다
정인이가 제2의 서현이고 제2의 원영이입니다

3년간 108명의 또 다른 정인이가 하늘나라로 갔습니다
제발 더는 미루지 말아 주세요 아이들이 죽어가고 있습니다
아이들의 구조신호를 놓치지 말아 주세요 
또 다른 정인이를 지켜주세요

 청원 1 하루빨리 쉼터를 확충해 주세요
 청원 2 전문심리치료사를 쉼터에 상시 고용하여 아이들의 마음을 치료해 주세요

httpsnewsmtcokrmtviewphpno2021010716133015505
하늘로 간 또 다른 정인이…3년간 108명 죽어갔다

httpwwwksilbocokrnewsarticleViewhtmlidxno784500 
이번 정인이 사건도 2014년 울주에서 발생한 서현이 사망 사건과 판박이이다"
